timestamp,status_code,elapsed_s,state
2026-09-25T05:23:58Z,200,0.39,up
2026-09-25T05:55:01Z,200,0.99,up
2026-09-25T06:05:46Z,200,0.30,up
2026-09-25T10:10:30Z,200,0.28,up
2026-09-25T15:14:03Z,200,0.32,up
2026-09-25T19:14:56Z,200,0.92,up
2026-09-25T22:21:09Z,200,0.32,up
2026-09-26T01:31:10Z,200,0.84,up
2026-09-26T07:37:52Z,200,0.39,up
2026-09-26T13:02:58Z,200,0.67,up
2026-09-26T17:08:04Z,200,0.64,up
2026-09-26T19:49:56Z,200,0.29,up
2026-09-26T22:47:06Z,200,0.29,up
2026-09-27T01:24:42Z,200,0.39,up
2026-09-27T08:05:53Z,200,0.32,up
2026-09-27T13:55:37Z,200,0.89,up
2026-09-27T18:21:18Z,200,0.34,up
2026-09-27T22:07:38Z,200,0.27,up
2026-09-28T00:43:04Z,200,0.85,up
2026-09-28T06:50:27Z,200,0.34,up
2026-09-28T15:24:24Z,200,0.38,up
2026-09-28T21:57:57Z,200,0.29,up
2026-09-29T01:54:47Z,200,0.32,up
2026-09-29T08:26:03Z,200,0.36,up
2026-09-29T15:48:03Z,200,0.37,up
2026-09-29T20:44:49Z,200,0.30,up
2026-09-30T00:24:58Z,200,0.38,up
2026-09-30T06:40:41Z,200,0.69,up
2026-09-30T13:39:37Z,200,0.34,up
