timestamp,status_code,elapsed_s,state,detail
2026-09-25T06:05:48Z,200,0.44,ok,biddings:ok
2026-09-25T10:10:32Z,200,0.79,ok,biddings:ok
2026-09-25T15:14:05Z,200,0.53,ok,biddings:ok
2026-09-25T19:14:59Z,200,0.53,ok,biddings:ok
2026-09-25T22:21:12Z,200,0.90,ok,biddings:ok
2026-09-26T01:31:13Z,200,0.99,ok,biddings:ok
2026-09-26T07:37:54Z,200,1.08,ok,biddings:ok
2026-09-26T13:03:00Z,200,0.54,ok,biddings:ok
2026-09-26T17:08:06Z,200,0.45,ok,biddings:ok
2026-09-26T19:49:58Z,200,0.48,ok,biddings:ok
2026-09-26T22:47:08Z,200,0.49,ok,biddings:ok
2026-09-27T01:24:44Z,200,0.49,ok,biddings:ok
2026-09-27T08:05:55Z,200,1.02,ok,biddings:ok
2026-09-27T13:55:40Z,200,0.54,ok,biddings:ok
2026-09-27T18:21:20Z,200,0.99,ok,biddings:ok
2026-09-27T22:07:40Z,200,0.40,ok,biddings:ok
2026-09-28T00:43:06Z,200,1.02,ok,biddings:ok
2026-09-28T06:50:29Z,200,0.51,ok,biddings:ok
2026-09-28T15:24:26Z,503,31.46,stalled,biddings:stale
2026-09-28T21:57:59Z,200,0.45,ok,biddings:ok
2026-09-29T01:54:49Z,200,0.50,ok,biddings:ok
2026-09-29T08:26:05Z,200,0.96,ok,biddings:ok
2026-09-29T15:48:05Z,200,0.51,ok,biddings:ok
2026-09-29T20:44:51Z,200,0.47,ok,biddings:ok
2026-09-30T00:25:00Z,200,0.99,ok,biddings:ok
2026-09-30T06:40:43Z,200,0.47,ok,biddings:ok
2026-09-30T13:39:41Z,200,16.50,ok,biddings:ok
2026-09-30T19:16:53Z,200,0.79,ok,biddings:ok
2026-09-30T23:02:16Z,200,0.52,ok,biddings:ok
2026-10-01T02:07:35Z,200,0.41,ok,biddings:ok
2026-10-01T08:52:54Z,200,0.53,ok,biddings:ok
2026-10-01T16:25:07Z,200,0.52,ok,biddings:ok
2026-10-01T21:48:35Z,200,1.02,ok,biddings:ok
2026-10-02T01:40:22Z,200,0.51,ok,biddings:ok
2026-10-02T08:28:48Z,200,0.82,ok,biddings:ok
2026-10-02T15:46:21Z,200,1.08,ok,biddings:ok
2026-10-02T20:42:20Z,200,0.51,ok,biddings:ok
2026-10-03T00:27:54Z,200,0.51,ok,biddings:ok
2026-10-03T06:29:48Z,200,0.79,ok,biddings:ok
2026-10-03T12:30:35Z,200,0.49,ok,biddings:ok
2026-10-03T17:14:48Z,200,0.46,ok,biddings:ok
2026-10-03T19:51:18Z,200,0.51,ok,biddings:ok
2026-10-03T23:01:14Z,200,0.52,ok,biddings:ok
2026-10-04T02:35:58Z,200,0.44,ok,biddings:ok
2026-10-04T09:43:37Z,200,1.05,ok,biddings:ok
2026-10-04T15:20:26Z,200,0.52,ok,biddings:ok
2026-10-04T19:34:51Z,200,0.49,ok,biddings:ok
2026-10-04T23:06:42Z,200,0.48,ok,biddings:ok
2026-10-05T01:58:02Z,200,0.82,ok,biddings:ok
2026-10-05T08:59:22Z,200,0.46,ok,biddings:ok
2026-10-05T18:24:08Z,200,0.48,ok,biddings:ok
2026-10-06T00:47:20Z,200,0.47,ok,biddings:ok
2026-10-06T07:32:38Z,200,1.10,ok,biddings:ok
2026-10-06T15:08:03Z,200,0.49,ok,biddings:ok
2026-10-06T20:16:39Z,200,0.47,ok,biddings:ok
2026-10-06T23:50:38Z,200,0.53,ok,biddings:ok
2026-10-07T05:54:44Z,200,1.07,ok,biddings:ok
2026-10-07T13:17:31Z,200,0.50,ok,biddings:ok
